{"cameraMode":{"drawMode":0,"name":"Shaded","section":"Shading Mode"},"sceneLighting":false,"audioPlay":false,"sceneViewState":{"showFog":true,"showMaterialUpdate":false,"showSkybox":true,"showFlares":true,"showImageEffects":true,"showParticleSystems":true},"in2DMode":false,"pivot":{"x":9.759801864624024,"y":-2.0581769943237306,"z":15.408151626586914},"rotation":{"x":0.06709093600511551,"y":0.1396207958459854,"z":-0.009482182562351227,"w":0.9878841042518616},"size":43.826236724853519,"orthographic":false}